{
    "achham": 255886457,
    "arghakhanchi": 100707762,
    "baglung": 48585734,
    "baitadi": 183771776,
    "bajhang": 120113594,
    "bajura": 2201621,
    "banke": 1706633,
    "bara": 13885375,
    "bardiya": 320712109,
    "bhaktapur": 85293818,
    "bhojpur": 71535396,
    "chitwan": 3436098,
    "dadeldhura": 9805105,
    "dailekh": 101001696,
    "dang deukhuri": 56524668,
    "darchula": 61448073,
    "dhading": 70370744,
    "dhankuta": 140306795,
    "dhanusa": 26164755,
    "dholkha": 70558055,
    "dolpa": 107276240,
    "doti": 259695721,
    "gorkha": 63452662,
    "gulmi": 24441053,
    "humla": 53585711,
    "ilam": 167433374,
    "jajarkot": 249367982,
    "jhapa": 18669445,
    "jumla": 94997557,
    "kailali": 127451138,
    "kalikot": 31890255,
    "kanchanpur": 6978376,
    "kapilvastu": 79300255,
    "kaski": 310253870,
    "kathmandu": 109433749,
    "kavrepalanchok": 32714422,
    "khotang": 265072883,
    "lalitpur": 7215784,
    "lamjung": 64456825,
    "mahottari": 1199010,
    "makwanpur": 39945945,
    "manang": 23058279,
    "morang": 94900877,
    "mugu": 247527270,
    "mustang": 29365883,
    "myagdi": 132909527,
    "nawalparasi": 11076823,
    "nuwakot": 43324853,
    "okhaldhunga": 14948502,
    "palpa": 7455187,
    "panchthar": 33507112,
    "parbat": 155269136,
    "parsa": 51981806,
    "pyuthan": 98945712,
    "ramechhap": 72362888,
    "rasuwa": 8756608,
    "rautahat": 217772515,
    "rolpa": 69782877,
    "rukum": 12675281,
    "rupandehi": 269056062,
    "salyan": 3251447,
    "sankhuwasabha": 132789002,
    "saptari": 7855300,
    "sarlahi": 172764018,
    "sindhuli": 19034756,
    "sindhupalchok": 14596490,
    "siraha": 209311106,
    "solukhumbu": 168982337,
    "sunsari": 183634214,
    "surkhet": 60253307,
    "syangja": 90940784,
    "tanahu": 4075393,
    "taplejung": 7181203,
    "terhathum": 24304283,
    "udayapur": 3056156
}