{
    "achham": 8334,
    "arghakhanchi": 9252,
    "baglung": 8314,
    "baitadi": 24649,
    "bajhang": 12585,
    "bajura": 717,
    "banke": 2366,
    "bara": 7693,
    "bardiya": 8006,
    "bhaktapur": 21891,
    "bhojpur": 16731,
    "chitwan": 6542,
    "dadeldhura": 14436,
    "dailekh": 23709,
    "dang deukhuri": 361,
    "darchula": 17412,
    "dhading": 1615,
    "dhankuta": 11818,
    "dhanusa": 5123,
    "dholkha": 5037,
    "dolpa": 8398,
    "doti": 11739,
    "gorkha": 2630,
    "gulmi": 3030,
    "humla": 7288,
    "ilam": 1612,
    "jajarkot": 1170,
    "jhapa": 4471,
    "jumla": 1071,
    "kailali": 20167,
    "kalikot": 21664,
    "kanchanpur": 637,
    "kapilvastu": 10289,
    "kaski": 5846,
    "kathmandu": 10852,
    "kavrepalanchok": 18975,
    "khotang": 16746,
    "lalitpur": 3911,
    "lamjung": 10878,
    "mahottari": 951,
    "makwanpur": 5793,
    "manang": 26334,
    "morang": 3888,
    "mugu": 18708,
    "mustang": 5087,
    "myagdi": 4252,
    "nawalparasi": 7384,
    "nuwakot": 8898,
    "okhaldhunga": 7795,
    "palpa": 5533,
    "panchthar": 2413,
    "parbat": 8486,
    "parsa": 7655,
    "pyuthan": 870,
    "ramechhap": 1872,
    "rasuwa": 7151,
    "rautahat": 4711,
    "rolpa": 14773,
    "rukum": 3963,
    "rupandehi": 16488,
    "salyan": 15441,
    "sankhuwasabha": 18399,
    "saptari": 18881,
    "sarlahi": 4180,
    "sindhuli": 4536,
    "sindhupalchok": 10083,
    "siraha": 5099,
    "solukhumbu": 10349,
    "sunsari": 11074,
    "surkhet": 29170,
    "syangja": 5847,
    "tanahu": 12382,
    "taplejung": 5945,
    "terhathum": 12601,
    "udayapur": 4950
}