{
    "achham": 2212251,
    "arghakhanchi": 1262700,
    "baglung": 609180,
    "baitadi": 1659367,
    "bajhang": 1159152,
    "bajura": 27604,
    "banke": 21398,
    "bara": 174098,
    "bardiya": 2674101,
    "bhaktapur": 940480,
    "bhojpur": 896929,
    "chitwan": 43082,
    "dadeldhura": 122938,
    "dailekh": 954377,
    "dang deukhuri": 575285,
    "darchula": 736519,
    "dhading": 882326,
    "dhankuta": 1444521,
    "dhanusa": 328060,
    "dholkha": 884675,
    "dolpa": 1009763,
    "doti": 2154970,
    "gorkha": 660767,
    "gulmi": 306448,
    "humla": 671871,
    "ilam": 1576042,
    "jajarkot": 2062463,
    "jhapa": 234082,
    "jumla": 1191104,
    "kailali": 1270360,
    "kalikot": 399848,
    "kanchanpur": 87496,
    "kapilvastu": 836585,
    "kaski": 2606778,
    "kathmandu": 1367225,
    "kavrepalanchok": 410181,
    "khotang": 2290651,
    "lalitpur": 90473,
    "lamjung": 808176,
    "mahottari": 15033,
    "makwanpur": 500852,
    "manang": 289110,
    "morang": 965786,
    "mugu": 2090033,
    "mustang": 368197,
    "myagdi": 1266247,
    "nawalparasi": 138884,
    "nuwakot": 543218,
    "okhaldhunga": 187428,
    "palpa": 93475,
    "panchthar": 420120,
    "parbat": 1619673,
    "parsa": 436926,
    "pyuthan": 1240606,
    "ramechhap": 907304,
    "rasuwa": 109792,
    "rautahat": 1898932,
    "rolpa": 725732,
    "rukum": 158925,
    "rupandehi": 2363790,
    "salyan": 40767,
    "sankhuwasabha": 1444199,
    "saptari": 98491,
    "sarlahi": 1460789,
    "sindhuli": 238662,
    "sindhupalchok": 183014,
    "siraha": 1856157,
    "solukhumbu": 1616047,
    "sunsari": 1829704,
    "surkhet": 755471,
    "syangja": 1140239,
    "tanahu": 51098,
    "taplejung": 90039,
    "terhathum": 304733,
    "udayapur": 38318
}