{
    "achham": 2479171447,
    "arghakhanchi": 1118113393,
    "baglung": 539425754,
    "baitadi": 1806120667,
    "bajhang": 1207576197,
    "bajura": 24443617,
    "banke": 18947987,
    "bara": 154163131,
    "bardiya": 3071425363,
    "bhaktapur": 900138651,
    "bhojpur": 794225613,
    "chitwan": 38149468,
    "dadeldhura": 108861714,
    "dailekh": 1008045710,
    "dang deukhuri": 579100217,
    "darchula": 669905152,
    "dhading": 781295008,
    "dhankuta": 1443461522,
    "dhanusa": 290495613,
    "dholkha": 783374635,
    "dolpa": 1069250998,
    "doti": 2483309073,
    "gorkha": 655516181,
    "gulmi": 271358120,
    "humla": 594938264,
    "ilam": 1668865952,
    "jajarkot": 2382078887,
    "jhapa": 207278531,
    "jumla": 1054715528,
    "kailali": 1296018709,
    "kalikot": 354063293,
    "kanchanpur": 77477802,
    "kapilvastu": 823153006,
    "kaski": 2978488137,
    "kathmandu": 1213220505,
    "kavrepalanchok": 363213653,
    "khotang": 2567803891,
    "lalitpur": 80113637,
    "lamjung": 715635395,
    "mahottari": 13312074,
    "makwanpur": 443502028,
    "manang": 256005796,
    "morang": 972240134,
    "mugu": 2380039795,
    "mustang": 326036318,
    "myagdi": 1330267547,
    "nawalparasi": 122981029,
    "nuwakot": 481016533,
    "okhaldhunga": 165966553,
    "palpa": 82771622,
    "panchthar": 372014537,
    "parbat": 1605059524,
    "parsa": 499096087,
    "pyuthan": 1098550131,
    "ramechhap": 803412889,
    "rasuwa": 97220724,
    "rautahat": 2115784046,
    "rolpa": 720565588,
    "rukum": 140728001,
    "rupandehi": 2620453028,
    "salyan": 36099374,
    "sankhuwasabha": 1394116262,
    "saptari": 87213902,
    "sarlahi": 1661909181,
    "sindhuli": 211334420,
    "sindhupalchok": 162058331,
    "siraha": 2044839247,
    "solukhumbu": 1693540391,
    "sunsari": 1867091661,
    "surkhet": 668965608,
    "syangja": 1009674988,
    "tanahu": 45247272,
    "taplejung": 79729706,
    "terhathum": 269839623,
    "udayapur": 33931147
}