{
    "achham": 2337,
    "arghakhanchi": 44,
    "baglung": 1888,
    "baitadi": 16182,
    "bajhang": 1708,
    "bajura": 2762,
    "banke": 9272,
    "bara": 1825,
    "bardiya": 16101,
    "bhaktapur": 2371,
    "bhojpur": 30931,
    "chitwan": 274,
    "dadeldhura": 1416,
    "dailekh": 15351,
    "dang deukhuri": 24693,
    "darchula": 795,
    "dhading": 478,
    "dhankuta": 424,
    "dhanusa": 22993,
    "dholkha": 1419,
    "dolpa": 2680,
    "doti": 7417,
    "gorkha": 6343,
    "gulmi": 390,
    "humla": 883,
    "ilam": 8412,
    "jajarkot": 421,
    "jhapa": 10691,
    "jumla": 9863,
    "kailali": 19052,
    "kalikot": 5040,
    "kanchanpur": 14078,
    "kapilvastu": 5372,
    "kaski": 16020,
    "kathmandu": 3721,
    "kavrepalanchok": 21567,
    "khotang": 2413,
    "lalitpur": 18489,
    "lamjung": 13770,
    "mahottari": 16850,
    "makwanpur": 2721,
    "manang": 11752,
    "morang": 2352,
    "mugu": 14607,
    "mustang": 1843,
    "myagdi": 4367,
    "nawalparasi": 2761,
    "nuwakot": 13292,
    "okhaldhunga": 409,
    "palpa": 777,
    "panchthar": 12661,
    "parbat": 1521,
    "parsa": 11306,
    "pyuthan": 2573,
    "ramechhap": 18796,
    "rasuwa": 22541,
    "rautahat": 23245,
    "rolpa": 1778,
    "rukum": 20939,
    "rupandehi": 2930,
    "salyan": 23617,
    "sankhuwasabha": 1898,
    "saptari": 522,
    "sarlahi": 7614,
    "sindhuli": 1093,
    "sindhupalchok": 1067,
    "siraha": 367,
    "solukhumbu": 25031,
    "sunsari": 10632,
    "surkhet": 23963,
    "syangja": 8956,
    "tanahu": 1337,
    "taplejung": 2133,
    "terhathum": 1890,
    "udayapur": 35808
}