{
    "achham": 1561505003,
    "arghakhanchi": 1077951527,
    "baglung": 520049951,
    "baitadi": 1204864003,
    "bajhang": 875664930,
    "bajura": 23565619,
    "banke": 18267388,
    "bara": 148625697,
    "bardiya": 1840549004,
    "bhaktapur": 760535603,
    "bhojpur": 765697574,
    "chitwan": 36779165,
    "dadeldhura": 104951476,
    "dailekh": 712295298,
    "dang deukhuri": 447301726,
    "darchula": 617615902,
    "dhading": 753231427,
    "dhankuta": 1129847141,
    "dhanusa": 280061209,
    "dholkha": 755236356,
    "dolpa": 751931867,
    "doti": 1478114557,
    "gorkha": 519822172,
    "gulmi": 261611123,
    "humla": 573568489,
    "ilam": 1173632879,
    "jajarkot": 1411286209,
    "jhapa": 199833229,
    "jumla": 1016830870,
    "kailali": 976908899,
    "kalikot": 341345583,
    "kanchanpur": 74694852,
    "kapilvastu": 662402239,
    "kaski": 1804025751,
    "kathmandu": 1165580625,
    "kavrepalanchok": 350167267,
    "khotang": 1616356996,
    "lalitpur": 77236010,
    "lamjung": 689930262,
    "mahottari": 12833914,
    "makwanpur": 427571739,
    "manang": 246810243,
    "morang": 750897372,
    "mugu": 1451452908,
    "mustang": 314325317,
    "myagdi": 949575437,
    "nawalparasi": 118563635,
    "nuwakot": 463738749,
    "okhaldhunga": 160005148,
    "palpa": 79798522,
    "panchthar": 358652030,
    "parbat": 1275284273,
    "parsa": 302459802,
    "pyuthan": 1059090964,
    "ramechhap": 774554849,
    "rasuwa": 93728622,
    "rautahat": 1348061649,
    "rolpa": 570552792,
    "rukum": 135673148,
    "rupandehi": 1686410855,
    "salyan": 34802709,
    "sankhuwasabha": 1160416621,
    "saptari": 84081239,
    "sarlahi": 1015456062,
    "sindhuli": 203743432,
    "sindhupalchok": 156237307,
    "siraha": 1332334401,
    "solukhumbu": 1214544265,
    "sunsari": 1406773680,
    "surkhet": 644936822,
    "syangja": 973408155,
    "tanahu": 43622021,
    "taplejung": 76865869,
    "terhathum": 260147169,
    "udayapur": 32712364
}