{
    "achham": 0,
    "arghakhanchi": 0,
    "baglung": 0,
    "baitadi": 1,
    "bajhang": 0,
    "bajura": 0,
    "banke": 1,
    "bara": 0,
    "bardiya": 1,
    "bhaktapur": 0,
    "bhojpur": 2,
    "chitwan": 0,
    "dadeldhura": 0,
    "dailekh": 1,
    "dang deukhuri": 2,
    "darchula": 0,
    "dhading": 0,
    "dhankuta": 0,
    "dhanusa": 2,
    "dholkha": 0,
    "dolpa": 0,
    "doti": 0,
    "gorkha": 0,
    "gulmi": 0,
    "humla": 0,
    "ilam": 0,
    "jajarkot": 0,
    "jhapa": 1,
    "jumla": 1,
    "kailali": 1,
    "kalikot": 0,
    "kanchanpur": 1,
    "kapilvastu": 0,
    "kaski": 1,
    "kathmandu": 0,
    "kavrepalanchok": 1,
    "khotang": 0,
    "lalitpur": 1,
    "lamjung": 1,
    "mahottari": 1,
    "makwanpur": 0,
    "manang": 1,
    "morang": 0,
    "mugu": 1,
    "mustang": 0,
    "myagdi": 0,
    "nawalparasi": 0,
    "nuwakot": 1,
    "okhaldhunga": 0,
    "palpa": 0,
    "panchthar": 1,
    "parbat": 0,
    "parsa": 1,
    "pyuthan": 0,
    "ramechhap": 1,
    "rasuwa": 1,
    "rautahat": 1,
    "rolpa": 0,
    "rukum": 1,
    "rupandehi": 0,
    "salyan": 2,
    "sankhuwasabha": 0,
    "saptari": 0,
    "sarlahi": 0,
    "sindhuli": 0,
    "sindhupalchok": 0,
    "siraha": 0,
    "solukhumbu": 2,
    "sunsari": 1,
    "surkhet": 2,
    "syangja": 0,
    "tanahu": 0,
    "taplejung": 0,
    "terhathum": 0,
    "udayapur": 2
}