{
    "achham": 5,
    "arghakhanchi": 0,
    "baglung": 2,
    "baitadi": 11,
    "bajhang": 4,
    "bajura": 6,
    "banke": 12,
    "bara": 4,
    "bardiya": 11,
    "bhaktapur": 5,
    "bhojpur": 10,
    "chitwan": 0,
    "dadeldhura": 3,
    "dailekh": 10,
    "dang deukhuri": 12,
    "darchula": 1,
    "dhading": 1,
    "dhankuta": 1,
    "dhanusa": 10,
    "dholkha": 3,
    "dolpa": 6,
    "doti": 5,
    "gorkha": 7,
    "gulmi": 0,
    "humla": 2,
    "ilam": 6,
    "jajarkot": 1,
    "jhapa": 9,
    "jumla": 11,
    "kailali": 12,
    "kalikot": 9,
    "kanchanpur": 12,
    "kapilvastu": 9,
    "kaski": 12,
    "kathmandu": 8,
    "kavrepalanchok": 8,
    "khotang": 5,
    "lalitpur": 9,
    "lamjung": 4,
    "mahottari": 11,
    "makwanpur": 2,
    "manang": 8,
    "morang": 5,
    "mugu": 11,
    "mustang": 4,
    "myagdi": 10,
    "nawalparasi": 6,
    "nuwakot": 11,
    "okhaldhunga": 0,
    "palpa": 1,
    "panchthar": 12,
    "parbat": 3,
    "parsa": 10,
    "pyuthan": 6,
    "ramechhap": 7,
    "rasuwa": 7,
    "rautahat": 7,
    "rolpa": 4,
    "rukum": 9,
    "rupandehi": 7,
    "salyan": 10,
    "sankhuwasabha": 4,
    "saptari": 1,
    "sarlahi": 11,
    "sindhuli": 2,
    "sindhupalchok": 2,
    "siraha": 0,
    "solukhumbu": 8,
    "sunsari": 7,
    "surkhet": 7,
    "syangja": 2,
    "tanahu": 3,
    "taplejung": 2,
    "terhathum": 4,
    "udayapur": 11
}