{
    "achham": 20,
    "arghakhanchi": 0,
    "baglung": 18,
    "baitadi": 162,
    "bajhang": 15,
    "bajura": 24,
    "banke": 89,
    "bara": 16,
    "bardiya": 162,
    "bhaktapur": 20,
    "bhojpur": 320,
    "chitwan": 2,
    "dadeldhura": 12,
    "dailekh": 154,
    "dang deukhuri": 252,
    "darchula": 7,
    "dhading": 4,
    "dhankuta": 3,
    "dhanusa": 235,
    "dholkha": 12,
    "dolpa": 23,
    "doti": 74,
    "gorkha": 61,
    "gulmi": 3,
    "humla": 7,
    "ilam": 84,
    "jajarkot": 3,
    "jhapa": 106,
    "jumla": 96,
    "kailali": 193,
    "kalikot": 46,
    "kanchanpur": 139,
    "kapilvastu": 49,
    "kaski": 160,
    "kathmandu": 32,
    "kavrepalanchok": 222,
    "khotang": 21,
    "lalitpur": 188,
    "lamjung": 142,
    "mahottari": 170,
    "makwanpur": 27,
    "manang": 118,
    "morang": 20,
    "mugu": 146,
    "mustang": 16,
    "myagdi": 38,
    "nawalparasi": 24,
    "nuwakot": 132,
    "okhaldhunga": 3,
    "palpa": 6,
    "panchthar": 125,
    "parbat": 13,
    "parsa": 111,
    "pyuthan": 22,
    "ramechhap": 193,
    "rasuwa": 233,
    "rautahat": 240,
    "rolpa": 15,
    "rukum": 215,
    "rupandehi": 25,
    "salyan": 242,
    "sankhuwasabha": 16,
    "saptari": 4,
    "sarlahi": 72,
    "sindhuli": 9,
    "sindhupalchok": 9,
    "siraha": 3,
    "solukhumbu": 259,
    "sunsari": 107,
    "surkhet": 248,
    "syangja": 92,
    "tanahu": 11,
    "taplejung": 20,
    "terhathum": 16,
    "udayapur": 371
}