{
    "achham": 6096,
    "arghakhanchi": 115,
    "baglung": 3687,
    "baitadi": 23957,
    "bajhang": 4456,
    "bajura": 7207,
    "banke": 17680,
    "bara": 4762,
    "bardiya": 23584,
    "bhaktapur": 6187,
    "bhojpur": 37704,
    "chitwan": 715,
    "dadeldhura": 3696,
    "dailekh": 22442,
    "dang deukhuri": 32843,
    "darchula": 2074,
    "dhading": 1249,
    "dhankuta": 1108,
    "dhanusa": 30018,
    "dholkha": 3702,
    "dolpa": 6992,
    "doti": 11276,
    "gorkha": 11606,
    "gulmi": 1018,
    "humla": 2305,
    "ilam": 12414,
    "jajarkot": 1100,
    "jhapa": 17085,
    "jumla": 17391,
    "kailali": 26982,
    "kalikot": 11603,
    "kanchanpur": 22595,
    "kapilvastu": 11957,
    "kaski": 24095,
    "kathmandu": 9707,
    "kavrepalanchok": 26936,
    "khotang": 6295,
    "lalitpur": 24930,
    "lamjung": 16788,
    "mahottari": 24463,
    "makwanpur": 4305,
    "manang": 17273,
    "morang": 6137,
    "mugu": 22454,
    "mustang": 4808,
    "myagdi": 11392,
    "nawalparasi": 7204,
    "nuwakot": 20816,
    "okhaldhunga": 1067,
    "palpa": 2027,
    "panchthar": 20906,
    "parbat": 3968,
    "parsa": 18501,
    "pyuthan": 6712,
    "ramechhap": 23439,
    "rasuwa": 27180,
    "rautahat": 28110,
    "rolpa": 4640,
    "rukum": 27071,
    "rupandehi": 7645,
    "salyan": 30763,
    "sankhuwasabha": 4953,
    "saptari": 1362,
    "sarlahi": 15118,
    "sindhuli": 2851,
    "sindhupalchok": 2784,
    "siraha": 959,
    "solukhumbu": 30348,
    "sunsari": 15364,
    "surkhet": 28778,
    "syangja": 10878,
    "tanahu": 3489,
    "taplejung": 3670,
    "terhathum": 4933,
    "udayapur": 42904
}