{
    "achham": 45,
    "arghakhanchi": 0,
    "baglung": 23,
    "baitadi": 119,
    "bajhang": 33,
    "bajura": 53,
    "banke": 110,
    "bara": 35,
    "bardiya": 116,
    "bhaktapur": 45,
    "bhojpur": 142,
    "chitwan": 5,
    "dadeldhura": 27,
    "dailekh": 110,
    "dang deukhuri": 142,
    "darchula": 15,
    "dhading": 9,
    "dhankuta": 8,
    "dhanusa": 127,
    "dholkha": 27,
    "dolpa": 51,
    "doti": 57,
    "gorkha": 70,
    "gulmi": 7,
    "humla": 17,
    "ilam": 61,
    "jajarkot": 8,
    "jhapa": 92,
    "jumla": 102,
    "kailali": 127,
    "kalikot": 81,
    "kanchanpur": 122,
    "kapilvastu": 82,
    "kaski": 122,
    "kathmandu": 72,
    "kavrepalanchok": 106,
    "khotang": 46,
    "lalitpur": 110,
    "lamjung": 63,
    "mahottari": 119,
    "makwanpur": 23,
    "manang": 85,
    "morang": 45,
    "mugu": 116,
    "mustang": 35,
    "myagdi": 84,
    "nawalparasi": 53,
    "nuwakot": 110,
    "okhaldhunga": 7,
    "palpa": 15,
    "panchthar": 116,
    "parbat": 29,
    "parsa": 102,
    "pyuthan": 49,
    "ramechhap": 92,
    "rasuwa": 100,
    "rautahat": 104,
    "rolpa": 34,
    "rukum": 112,
    "rupandehi": 56,
    "salyan": 129,
    "sankhuwasabha": 36,
    "saptari": 10,
    "sarlahi": 97,
    "sindhuli": 21,
    "sindhupalchok": 20,
    "siraha": 7,
    "solukhumbu": 113,
    "sunsari": 74,
    "surkhet": 105,
    "syangja": 40,
    "tanahu": 25,
    "taplejung": 21,
    "terhathum": 36,
    "udayapur": 156
}