{
    "achham": 63759,
    "arghakhanchi": 78614,
    "baglung": 67475,
    "baitadi": 188171,
    "bajhang": 103502,
    "bajura": 6097,
    "banke": 20107,
    "bara": 65371,
    "bardiya": 63062,
    "bhaktapur": 168303,
    "bhojpur": 126074,
    "chitwan": 55591,
    "dadeldhura": 111964,
    "dailekh": 180562,
    "dang deukhuri": 3068,
    "darchula": 136453,
    "dhading": 12459,
    "dhankuta": 98849,
    "dhanusa": 43534,
    "dholkha": 41565,
    "dolpa": 68127,
    "doti": 89300,
    "gorkha": 22352,
    "gulmi": 25750,
    "humla": 58476,
    "ilam": 13702,
    "jajarkot": 9946,
    "jhapa": 36620,
    "jumla": 9108,
    "kailali": 153806,
    "kalikot": 165023,
    "kanchanpur": 5420,
    "kapilvastu": 87429,
    "kaski": 49673,
    "kathmandu": 81919,
    "kavrepalanchok": 143469,
    "khotang": 126400,
    "lalitpur": 33239,
    "lamjung": 88895,
    "mahottari": 8081,
    "makwanpur": 49224,
    "manang": 198658,
    "morang": 33040,
    "mugu": 143470,
    "mustang": 43224,
    "myagdi": 36130,
    "nawalparasi": 62741,
    "nuwakot": 68541,
    "okhaldhunga": 66237,
    "palpa": 47016,
    "panchthar": 20506,
    "parbat": 68830,
    "parsa": 59550,
    "pyuthan": 7393,
    "ramechhap": 15907,
    "rasuwa": 55349,
    "rautahat": 40031,
    "rolpa": 116751,
    "rukum": 32526,
    "rupandehi": 126822,
    "salyan": 124250,
    "sankhuwasabha": 144370,
    "saptari": 148665,
    "sarlahi": 35521,
    "sindhuli": 38548,
    "sindhupalchok": 85680,
    "siraha": 41699,
    "solukhumbu": 87941,
    "sunsari": 84777,
    "surkhet": 219697,
    "syangja": 49687,
    "tanahu": 100471,
    "taplejung": 48429,
    "terhathum": 99898,
    "udayapur": 42066
}