{
    "achham": 6201,
    "arghakhanchi": 117,
    "baglung": 3161,
    "baitadi": 15694,
    "bajhang": 4533,
    "bajura": 7331,
    "banke": 14891,
    "bara": 4844,
    "bardiya": 15238,
    "bhaktapur": 6293,
    "bhojpur": 17930,
    "chitwan": 727,
    "dadeldhura": 3759,
    "dailekh": 14463,
    "dang deukhuri": 18407,
    "darchula": 2109,
    "dhading": 1270,
    "dhankuta": 1127,
    "dhanusa": 16298,
    "dholkha": 3765,
    "dolpa": 7112,
    "doti": 7635,
    "gorkha": 9457,
    "gulmi": 1035,
    "humla": 2344,
    "ilam": 8099,
    "jajarkot": 1119,
    "jhapa": 12245,
    "jumla": 13727,
    "kailali": 16652,
    "kalikot": 11067,
    "kanchanpur": 16268,
    "kapilvastu": 11185,
    "kaski": 16100,
    "kathmandu": 9873,
    "kavrepalanchok": 13466,
    "khotang": 6403,
    "lalitpur": 14286,
    "lamjung": 7987,
    "mahottari": 15622,
    "makwanpur": 3051,
    "manang": 11210,
    "morang": 6242,
    "mugu": 15403,
    "mustang": 4890,
    "myagdi": 11587,
    "nawalparasi": 7328,
    "nuwakot": 14588,
    "okhaldhunga": 1085,
    "palpa": 2062,
    "panchthar": 15506,
    "parbat": 4036,
    "parsa": 13595,
    "pyuthan": 6827,
    "ramechhap": 11683,
    "rasuwa": 12623,
    "rautahat": 13139,
    "rolpa": 4720,
    "rukum": 14445,
    "rupandehi": 7776,
    "salyan": 16636,
    "sankhuwasabha": 5038,
    "saptari": 1385,
    "sarlahi": 13122,
    "sindhuli": 2900,
    "sindhupalchok": 2832,
    "siraha": 976,
    "solukhumbu": 14264,
    "sunsari": 9751,
    "surkhet": 13246,
    "syangja": 5133,
    "tanahu": 3549,
    "taplejung": 2832,
    "terhathum": 5017,
    "udayapur": 19646
}