{
    "achham": 172522,
    "arghakhanchi": 94794,
    "baglung": 45732,
    "baitadi": 128743,
    "bajhang": 89264,
    "bajura": 2072,
    "banke": 1606,
    "bara": 13070,
    "bardiya": 209464,
    "bhaktapur": 71438,
    "bhojpur": 67334,
    "chitwan": 3234,
    "dadeldhura": 9229,
    "dailekh": 73665,
    "dang deukhuri": 44051,
    "darchula": 55511,
    "dhading": 66238,
    "dhankuta": 110479,
    "dhanusa": 24628,
    "dholkha": 66414,
    "dolpa": 77974,
    "doti": 168901,
    "gorkha": 50477,
    "gulmi": 23005,
    "humla": 50439,
    "ilam": 121702,
    "jajarkot": 161717,
    "jhapa": 17573,
    "jumla": 89419,
    "kailali": 97488,
    "kalikot": 30017,
    "kanchanpur": 6568,
    "kapilvastu": 63824,
    "kaski": 203997,
    "kathmandu": 102672,
    "kavrepalanchok": 30793,
    "khotang": 178645,
    "lalitpur": 6792,
    "lamjung": 60671,
    "mahottari": 1128,
    "makwanpur": 37600,
    "manang": 21704,
    "morang": 73953,
    "mugu": 163459,
    "mustang": 27641,
    "myagdi": 97648,
    "nawalparasi": 10426,
    "nuwakot": 40780,
    "okhaldhunga": 14070,
    "palpa": 7017,
    "panchthar": 31539,
    "parbat": 123708,
    "parsa": 34190,
    "pyuthan": 93135,
    "ramechhap": 68113,
    "rasuwa": 8242,
    "rautahat": 147936,
    "rolpa": 55447,
    "rukum": 11930,
    "rupandehi": 183986,
    "salyan": 3060,
    "sankhuwasabha": 109847,
    "saptari": 7394,
    "sarlahi": 114227,
    "sindhuli": 17917,
    "sindhupalchok": 13739,
    "siraha": 144315,
    "solukhumbu": 124572,
    "sunsari": 140418,
    "surkhet": 56715,
    "syangja": 85600,
    "tanahu": 3836,
    "taplejung": 6759,
    "terhathum": 22877,
    "udayapur": 2876
}