{
    "achham": 57249,
    "arghakhanchi": 1081,
    "baglung": 29835,
    "baitadi": 154460,
    "bajhang": 41850,
    "bajura": 67681,
    "banke": 140891,
    "bara": 44721,
    "bardiya": 150333,
    "bhaktapur": 58098,
    "bhojpur": 188052,
    "chitwan": 6717,
    "dadeldhura": 34707,
    "dailekh": 142749,
    "dang deukhuri": 186479,
    "darchula": 19479,
    "dhading": 11730,
    "dhankuta": 10406,
    "dhanusa": 166166,
    "dholkha": 34766,
    "dolpa": 65663,
    "doti": 74717,
    "gorkha": 89905,
    "gulmi": 9559,
    "humla": 21648,
    "ilam": 79772,
    "jajarkot": 10331,
    "jhapa": 118708,
    "jumla": 131100,
    "kailali": 165637,
    "kalikot": 102985,
    "kanchanpur": 157599,
    "kapilvastu": 104344,
    "kaski": 157917,
    "kathmandu": 91151,
    "kavrepalanchok": 139687,
    "khotang": 59118,
    "lalitpur": 144104,
    "lamjung": 83761,
    "mahottari": 154436,
    "makwanpur": 29635,
    "manang": 110510,
    "morang": 57631,
    "mugu": 150407,
    "mustang": 45150,
    "myagdi": 106981,
    "nawalparasi": 67653,
    "nuwakot": 141941,
    "okhaldhunga": 10023,
    "palpa": 19038,
    "panchthar": 149503,
    "parbat": 37267,
    "parsa": 131274,
    "pyuthan": 63034,
    "ramechhap": 121269,
    "rasuwa": 133110,
    "rautahat": 138346,
    "rolpa": 43575,
    "rukum": 147800,
    "rupandehi": 71796,
    "salyan": 169753,
    "sankhuwasabha": 46512,
    "saptari": 12792,
    "sarlahi": 123637,
    "sindhuli": 26774,
    "sindhupalchok": 26147,
    "siraha": 9012,
    "solukhumbu": 150005,
    "sunsari": 96503,
    "surkhet": 139969,
    "syangja": 53936,
    "tanahu": 32767,
    "taplejung": 27144,
    "terhathum": 46322,
    "udayapur": 207841
}