{
    "achham": 23573,
    "arghakhanchi": 22480,
    "baglung": 10845,
    "baitadi": 19306,
    "bajhang": 15130,
    "bajura": 491,
    "banke": 380,
    "bara": 3099,
    "bardiya": 26225,
    "bhaktapur": 14696,
    "bhojpur": 15968,
    "chitwan": 767,
    "dadeldhura": 2188,
    "dailekh": 12038,
    "dang deukhuri": 8123,
    "darchula": 12573,
    "dhading": 15708,
    "dhankuta": 20722,
    "dhanusa": 5840,
    "dholkha": 15750,
    "dolpa": 12654,
    "doti": 20886,
    "gorkha": 9623,
    "gulmi": 5455,
    "humla": 11961,
    "ilam": 19752,
    "jajarkot": 19826,
    "jhapa": 4167,
    "jumla": 21205,
    "kailali": 17415,
    "kalikot": 7118,
    "kanchanpur": 1557,
    "kapilvastu": 12390,
    "kaski": 26039,
    "kathmandu": 24263,
    "kavrepalanchok": 7302,
    "khotang": 24385,
    "lalitpur": 1610,
    "lamjung": 14388,
    "mahottari": 267,
    "makwanpur": 8916,
    "manang": 5147,
    "morang": 13636,
    "mugu": 21121,
    "mustang": 6555,
    "myagdi": 16190,
    "nawalparasi": 2472,
    "nuwakot": 9671,
    "okhaldhunga": 3336,
    "palpa": 1664,
    "panchthar": 7479,
    "parbat": 23642,
    "parsa": 4368,
    "pyuthan": 22086,
    "ramechhap": 16152,
    "rasuwa": 1954,
    "rautahat": 20607,
    "rolpa": 10551,
    "rukum": 2829,
    "rupandehi": 26055,
    "salyan": 725,
    "sankhuwasabha": 22207,
    "saptari": 1753,
    "sarlahi": 14810,
    "sindhuli": 4248,
    "sindhupalchok": 3258,
    "siraha": 20851,
    "solukhumbu": 20791,
    "sunsari": 25070,
    "surkhet": 13449,
    "syangja": 20299,
    "tanahu": 909,
    "taplejung": 1603,
    "terhathum": 5425,
    "udayapur": 682
}