{
    "achham": 47751,
    "arghakhanchi": 91678,
    "baglung": 66744,
    "baitadi": 139283,
    "bajhang": 107766,
    "bajura": 7110,
    "banke": 23449,
    "bara": 76234,
    "bardiya": 54836,
    "bhaktapur": 129564,
    "bhojpur": 86414,
    "chitwan": 64829,
    "dadeldhura": 90264,
    "dailekh": 131846,
    "dang deukhuri": 3578,
    "darchula": 115806,
    "dhading": 9750,
    "dhankuta": 109355,
    "dhanusa": 50768,
    "dholkha": 43810,
    "dolpa": 67277,
    "doti": 64775,
    "gorkha": 26066,
    "gulmi": 30029,
    "humla": 55169,
    "ilam": 15979,
    "jajarkot": 11598,
    "jhapa": 37538,
    "jumla": 10622,
    "kailali": 113243,
    "kalikot": 120658,
    "kanchanpur": 6321,
    "kapilvastu": 101958,
    "kaski": 57928,
    "kathmandu": 56739,
    "kavrepalanchok": 100381,
    "khotang": 87533,
    "lalitpur": 38763,
    "lamjung": 90339,
    "mahottari": 9424,
    "makwanpur": 57404,
    "manang": 137093,
    "morang": 38531,
    "mugu": 108928,
    "mustang": 50407,
    "myagdi": 42134,
    "nawalparasi": 73168,
    "nuwakot": 53308,
    "okhaldhunga": 77244,
    "palpa": 54829,
    "panchthar": 23914,
    "parbat": 67915,
    "parsa": 48745,
    "pyuthan": 8621,
    "ramechhap": 18551,
    "rasuwa": 44153,
    "rautahat": 46683,
    "rolpa": 103087,
    "rukum": 33588,
    "rupandehi": 97870,
    "salyan": 118711,
    "sankhuwasabha": 123267,
    "saptari": 129019,
    "sarlahi": 41424,
    "sindhuli": 44954,
    "sindhupalchok": 99919,
    "siraha": 42504,
    "solukhumbu": 102555,
    "sunsari": 63763,
    "surkhet": 150119,
    "syangja": 57944,
    "tanahu": 99323,
    "taplejung": 48599,
    "terhathum": 89458,
    "udayapur": 49057
}