{
    "achham": 6222,
    "arghakhanchi": 5376,
    "baglung": 2593,
    "baitadi": 4995,
    "bajhang": 3822,
    "bajura": 117,
    "banke": 91,
    "bara": 741,
    "bardiya": 7062,
    "bhaktapur": 3590,
    "bhojpur": 3818,
    "chitwan": 183,
    "dadeldhura": 523,
    "dailekh": 3062,
    "dang deukhuri": 2021,
    "darchula": 3027,
    "dhading": 3756,
    "dhankuta": 5140,
    "dhanusa": 1396,
    "dholkha": 3766,
    "dolpa": 3223,
    "doti": 5641,
    "gorkha": 2380,
    "gulmi": 1304,
    "humla": 2860,
    "ilam": 5030,
    "jajarkot": 5365,
    "jhapa": 996,
    "jumla": 5071,
    "kailali": 4357,
    "kalikot": 1702,
    "kanchanpur": 372,
    "kapilvastu": 3055,
    "kaski": 6980,
    "kathmandu": 5805,
    "kavrepalanchok": 1746,
    "khotang": 6437,
    "lalitpur": 385,
    "lamjung": 3441,
    "mahottari": 64,
    "makwanpur": 2132,
    "manang": 1230,
    "morang": 3392,
    "mugu": 5645,
    "mustang": 1567,
    "myagdi": 4106,
    "nawalparasi": 591,
    "nuwakot": 2312,
    "okhaldhunga": 798,
    "palpa": 398,
    "panchthar": 1788,
    "parbat": 5846,
    "parsa": 1170,
    "pyuthan": 5282,
    "ramechhap": 3863,
    "rasuwa": 467,
    "rautahat": 5416,
    "rolpa": 2611,
    "rukum": 676,
    "rupandehi": 6823,
    "salyan": 173,
    "sankhuwasabha": 5440,
    "saptari": 419,
    "sarlahi": 3955,
    "sindhuli": 1016,
    "sindhupalchok": 779,
    "siraha": 5437,
    "solukhumbu": 5267,
    "sunsari": 6273,
    "surkhet": 3216,
    "syangja": 4854,
    "tanahu": 217,
    "taplejung": 383,
    "terhathum": 1297,
    "udayapur": 163
}