{
    "achham": 304,
    "arghakhanchi": 219,
    "baglung": 106,
    "baitadi": 236,
    "bajhang": 173,
    "bajura": 4,
    "banke": 3,
    "bara": 30,
    "bardiya": 356,
    "bhaktapur": 153,
    "bhojpur": 156,
    "chitwan": 7,
    "dadeldhura": 21,
    "dailekh": 140,
    "dang deukhuri": 89,
    "darchula": 125,
    "dhading": 153,
    "dhankuta": 226,
    "dhanusa": 57,
    "dholkha": 153,
    "dolpa": 148,
    "doti": 286,
    "gorkha": 104,
    "gulmi": 53,
    "humla": 116,
    "ilam": 232,
    "jajarkot": 273,
    "jhapa": 40,
    "jumla": 207,
    "kailali": 194,
    "kalikot": 69,
    "kanchanpur": 15,
    "kapilvastu": 132,
    "kaski": 350,
    "kathmandu": 237,
    "kavrepalanchok": 71,
    "khotang": 315,
    "lalitpur": 15,
    "lamjung": 140,
    "mahottari": 2,
    "makwanpur": 87,
    "manang": 50,
    "morang": 149,
    "mugu": 281,
    "mustang": 64,
    "myagdi": 188,
    "nawalparasi": 24,
    "nuwakot": 94,
    "okhaldhunga": 32,
    "palpa": 16,
    "panchthar": 73,
    "parbat": 255,
    "parsa": 58,
    "pyuthan": 215,
    "ramechhap": 157,
    "rasuwa": 19,
    "rautahat": 263,
    "rolpa": 114,
    "rukum": 27,
    "rupandehi": 329,
    "salyan": 7,
    "sankhuwasabha": 233,
    "saptari": 17,
    "sarlahi": 197,
    "sindhuli": 41,
    "sindhupalchok": 31,
    "siraha": 261,
    "solukhumbu": 240,
    "sunsari": 280,
    "surkhet": 131,
    "syangja": 198,
    "tanahu": 8,
    "taplejung": 15,
    "terhathum": 53,
    "udayapur": 6
}