{
    "achham": 52383,
    "arghakhanchi": 81624,
    "baglung": 63855,
    "baitadi": 153745,
    "bajhang": 100746,
    "bajura": 6330,
    "banke": 20877,
    "bara": 67873,
    "bardiya": 55762,
    "bhaktapur": 140101,
    "bhojpur": 99422,
    "chitwan": 57719,
    "dadeldhura": 95317,
    "dailekh": 146590,
    "dang deukhuri": 3186,
    "darchula": 119177,
    "dhading": 10454,
    "dhankuta": 99559,
    "dhanusa": 45200,
    "dholkha": 40735,
    "dolpa": 64414,
    "doti": 72274,
    "gorkha": 23208,
    "gulmi": 26736,
    "humla": 53951,
    "ilam": 14226,
    "jajarkot": 10326,
    "jhapa": 35339,
    "jumla": 9457,
    "kailali": 125353,
    "kalikot": 134057,
    "kanchanpur": 5627,
    "kapilvastu": 90776,
    "kaski": 51575,
    "kathmandu": 64908,
    "kavrepalanchok": 114201,
    "khotang": 100144,
    "lalitpur": 34512,
    "lamjung": 85376,
    "mahottari": 8391,
    "makwanpur": 51109,
    "manang": 157144,
    "morang": 34305,
    "mugu": 118641,
    "mustang": 44879,
    "myagdi": 37513,
    "nawalparasi": 65143,
    "nuwakot": 57338,
    "okhaldhunga": 68773,
    "palpa": 48816,
    "panchthar": 21292,
    "parbat": 65050,
    "parsa": 51078,
    "pyuthan": 7676,
    "ramechhap": 16516,
    "rasuwa": 46877,
    "rautahat": 41563,
    "rolpa": 104048,
    "rukum": 31516,
    "rupandehi": 105695,
    "salyan": 115407,
    "sankhuwasabha": 126477,
    "saptari": 131323,
    "sarlahi": 36881,
    "sindhuli": 40024,
    "sindhupalchok": 88961,
    "siraha": 40115,
    "solukhumbu": 91308,
    "sunsari": 69792,
    "surkhet": 173011,
    "syangja": 51590,
    "tanahu": 95050,
    "taplejung": 46191,
    "terhathum": 89679,
    "udayapur": 43677
}