{
    "achham": 9,
    "arghakhanchi": 0,
    "baglung": 4,
    "baitadi": 23,
    "bajhang": 6,
    "bajura": 10,
    "banke": 22,
    "bara": 7,
    "bardiya": 23,
    "bhaktapur": 9,
    "bhojpur": 27,
    "chitwan": 1,
    "dadeldhura": 5,
    "dailekh": 21,
    "dang deukhuri": 28,
    "darchula": 3,
    "dhading": 1,
    "dhankuta": 1,
    "dhanusa": 24,
    "dholkha": 5,
    "dolpa": 10,
    "doti": 11,
    "gorkha": 14,
    "gulmi": 1,
    "humla": 3,
    "ilam": 12,
    "jajarkot": 1,
    "jhapa": 18,
    "jumla": 20,
    "kailali": 25,
    "kalikot": 16,
    "kanchanpur": 24,
    "kapilvastu": 16,
    "kaski": 24,
    "kathmandu": 14,
    "kavrepalanchok": 20,
    "khotang": 9,
    "lalitpur": 21,
    "lamjung": 12,
    "mahottari": 23,
    "makwanpur": 4,
    "manang": 16,
    "morang": 9,
    "mugu": 23,
    "mustang": 7,
    "myagdi": 17,
    "nawalparasi": 10,
    "nuwakot": 22,
    "okhaldhunga": 1,
    "palpa": 3,
    "panchthar": 23,
    "parbat": 6,
    "parsa": 20,
    "pyuthan": 10,
    "ramechhap": 17,
    "rasuwa": 19,
    "rautahat": 20,
    "rolpa": 7,
    "rukum": 22,
    "rupandehi": 11,
    "salyan": 25,
    "sankhuwasabha": 7,
    "saptari": 2,
    "sarlahi": 19,
    "sindhuli": 4,
    "sindhupalchok": 4,
    "siraha": 1,
    "solukhumbu": 21,
    "sunsari": 14,
    "surkhet": 20,
    "syangja": 7,
    "tanahu": 5,
    "taplejung": 4,
    "terhathum": 7,
    "udayapur": 30
}