{
    "achham": 177509,
    "arghakhanchi": 153650,
    "baglung": 74127,
    "baitadi": 142567,
    "bajhang": 109123,
    "bajura": 3359,
    "banke": 2603,
    "bara": 21184,
    "bardiya": 201406,
    "bhaktapur": 102571,
    "bhojpur": 109141,
    "chitwan": 5242,
    "dadeldhura": 14959,
    "dailekh": 87414,
    "dang deukhuri": 57721,
    "darchula": 86499,
    "dhading": 107364,
    "dhankuta": 146810,
    "dhanusa": 39919,
    "dholkha": 107650,
    "dolpa": 92010,
    "doti": 160870,
    "gorkha": 67995,
    "gulmi": 37289,
    "humla": 81755,
    "ilam": 143614,
    "jajarkot": 153018,
    "jhapa": 28484,
    "jumla": 144937,
    "kailali": 124423,
    "kalikot": 48655,
    "kanchanpur": 10646,
    "kapilvastu": 87283,
    "kaski": 199087,
    "kathmandu": 165919,
    "kavrepalanchok": 49912,
    "khotang": 183663,
    "lalitpur": 11009,
    "lamjung": 98341,
    "mahottari": 1829,
    "makwanpur": 60945,
    "manang": 35180,
    "morang": 96893,
    "mugu": 161035,
    "mustang": 44803,
    "myagdi": 117245,
    "nawalparasi": 16899,
    "nuwakot": 66100,
    "okhaldhunga": 22806,
    "palpa": 11374,
    "panchthar": 51121,
    "parbat": 166977,
    "parsa": 33392,
    "pyuthan": 150961,
    "ramechhap": 110404,
    "rasuwa": 13359,
    "rautahat": 154530,
    "rolpa": 74574,
    "rukum": 19338,
    "rupandehi": 194698,
    "salyan": 4960,
    "sankhuwasabha": 155417,
    "saptari": 11984,
    "sarlahi": 112830,
    "sindhuli": 29041,
    "sindhupalchok": 22269,
    "siraha": 155153,
    "solukhumbu": 150377,
    "sunsari": 179132,
    "surkhet": 91928,
    "syangja": 138748,
    "tanahu": 6217,
    "taplejung": 10956,
    "terhathum": 37081,
    "udayapur": 4662
}