{
    "achham": 89439,
    "arghakhanchi": 1690,
    "baglung": 46239,
    "baitadi": 235830,
    "bajhang": 65383,
    "bajura": 105738,
    "banke": 218159,
    "bara": 69867,
    "bardiya": 229332,
    "bhaktapur": 90767,
    "bhojpur": 280884,
    "chitwan": 10494,
    "dadeldhura": 54223,
    "dailekh": 217730,
    "dang deukhuri": 281853,
    "darchula": 30432,
    "dhading": 18327,
    "dhankuta": 16258,
    "dhanusa": 250603,
    "dholkha": 54315,
    "dolpa": 102585,
    "doti": 114305,
    "gorkha": 138974,
    "gulmi": 14935,
    "humla": 33821,
    "ilam": 121766,
    "jajarkot": 16140,
    "jhapa": 182212,
    "jumla": 202312,
    "kailali": 251951,
    "kalikot": 160429,
    "kanchanpur": 241972,
    "kapilvastu": 162398,
    "kaski": 241398,
    "kathmandu": 142405,
    "kavrepalanchok": 209427,
    "khotang": 92360,
    "lalitpur": 218135,
    "lamjung": 125114,
    "mahottari": 235421,
    "makwanpur": 45459,
    "manang": 168629,
    "morang": 90037,
    "mugu": 230279,
    "mustang": 70538,
    "myagdi": 167135,
    "nawalparasi": 105694,
    "nuwakot": 217591,
    "okhaldhunga": 15658,
    "palpa": 29743,
    "panchthar": 229927,
    "parbat": 58222,
    "parsa": 201786,
    "pyuthan": 98477,
    "ramechhap": 181773,
    "rasuwa": 198461,
    "rautahat": 206368,
    "rolpa": 68078,
    "rukum": 222633,
    "rupandehi": 112167,
    "salyan": 255941,
    "sankhuwasabha": 72665,
    "saptari": 19985,
    "sarlahi": 191732,
    "sindhuli": 41829,
    "sindhupalchok": 40850,
    "siraha": 14080,
    "solukhumbu": 223856,
    "sunsari": 147051,
    "surkhet": 208543,
    "syangja": 80516,
    "tanahu": 51192,
    "taplejung": 41838,
    "terhathum": 72368,
    "udayapur": 309542
}