{
    "achham": 502,
    "arghakhanchi": 9,
    "baglung": 259,
    "baitadi": 1326,
    "bajhang": 367,
    "bajura": 594,
    "banke": 1226,
    "bara": 392,
    "bardiya": 1289,
    "bhaktapur": 510,
    "bhojpur": 1580,
    "chitwan": 58,
    "dadeldhura": 304,
    "dailekh": 1224,
    "dang deukhuri": 1585,
    "darchula": 171,
    "dhading": 103,
    "dhankuta": 91,
    "dhanusa": 1409,
    "dholkha": 305,
    "dolpa": 576,
    "doti": 642,
    "gorkha": 781,
    "gulmi": 83,
    "humla": 190,
    "ilam": 684,
    "jajarkot": 90,
    "jhapa": 1024,
    "jumla": 1137,
    "kailali": 1417,
    "kalikot": 901,
    "kanchanpur": 1360,
    "kapilvastu": 912,
    "kaski": 1357,
    "kathmandu": 800,
    "kavrepalanchok": 1178,
    "khotang": 519,
    "lalitpur": 1227,
    "lamjung": 704,
    "mahottari": 1324,
    "makwanpur": 255,
    "manang": 948,
    "morang": 506,
    "mugu": 1295,
    "mustang": 396,
    "myagdi": 939,
    "nawalparasi": 594,
    "nuwakot": 1223,
    "okhaldhunga": 88,
    "palpa": 167,
    "panchthar": 1292,
    "parbat": 327,
    "parsa": 1134,
    "pyuthan": 553,
    "ramechhap": 1022,
    "rasuwa": 1116,
    "rautahat": 1161,
    "rolpa": 382,
    "rukum": 1252,
    "rupandehi": 630,
    "salyan": 1439,
    "sankhuwasabha": 408,
    "saptari": 112,
    "sarlahi": 1077,
    "sindhuli": 235,
    "sindhupalchok": 229,
    "siraha": 79,
    "solukhumbu": 1259,
    "sunsari": 827,
    "surkhet": 1173,
    "syangja": 453,
    "tanahu": 287,
    "taplejung": 235,
    "terhathum": 406,
    "udayapur": 1742
}