{
    "achham": 9337,
    "arghakhanchi": 176,
    "baglung": 4770,
    "baitadi": 23785,
    "bajhang": 6825,
    "bajura": 11038,
    "banke": 22477,
    "bara": 7293,
    "bardiya": 23100,
    "bhaktapur": 9475,
    "bhojpur": 27359,
    "chitwan": 1095,
    "dadeldhura": 5660,
    "dailekh": 21926,
    "dang deukhuri": 27982,
    "darchula": 3177,
    "dhading": 1913,
    "dhankuta": 1697,
    "dhanusa": 24793,
    "dholkha": 5670,
    "dolpa": 10709,
    "doti": 11564,
    "gorkha": 14282,
    "gulmi": 1559,
    "humla": 3530,
    "ilam": 12276,
    "jajarkot": 1684,
    "jhapa": 18528,
    "jumla": 20739,
    "kailali": 25264,
    "kalikot": 16677,
    "kanchanpur": 24615,
    "kapilvastu": 16859,
    "kaski": 24392,
    "kathmandu": 14866,
    "kavrepalanchok": 20523,
    "khotang": 9642,
    "lalitpur": 21708,
    "lamjung": 12187,
    "mahottari": 23686,
    "makwanpur": 4618,
    "manang": 16992,
    "morang": 9399,
    "mugu": 23325,
    "mustang": 7363,
    "myagdi": 17448,
    "nawalparasi": 11034,
    "nuwakot": 22082,
    "okhaldhunga": 1634,
    "palpa": 3105,
    "panchthar": 23449,
    "parbat": 6078,
    "parsa": 20563,
    "pyuthan": 10280,
    "ramechhap": 17807,
    "rasuwa": 19274,
    "rautahat": 20058,
    "rolpa": 7107,
    "rukum": 21983,
    "rupandehi": 11709,
    "salyan": 25310,
    "sankhuwasabha": 7586,
    "saptari": 2086,
    "sarlahi": 19799,
    "sindhuli": 4366,
    "sindhupalchok": 4264,
    "siraha": 1469,
    "solukhumbu": 21773,
    "sunsari": 14786,
    "surkhet": 20230,
    "syangja": 7835,
    "tanahu": 5344,
    "taplejung": 4281,
    "terhathum": 7555,
    "udayapur": 30007
}