{
    "achham": 184918,
    "arghakhanchi": 84950,
    "baglung": 40983,
    "baitadi": 134995,
    "bajhang": 90549,
    "bajura": 1857,
    "banke": 1439,
    "bara": 11712,
    "bardiya": 228703,
    "bhaktapur": 67943,
    "bhojpur": 60342,
    "chitwan": 2898,
    "dadeldhura": 8270,
    "dailekh": 75510,
    "dang deukhuri": 43537,
    "darchula": 50779,
    "dhading": 59359,
    "dhankuta": 108582,
    "dhanusa": 22070,
    "dholkha": 59517,
    "dolpa": 80079,
    "doti": 184869,
    "gorkha": 49338,
    "gulmi": 20616,
    "humla": 45201,
    "ilam": 124987,
    "jajarkot": 177306,
    "jhapa": 15748,
    "jumla": 80133,
    "kailali": 97335,
    "kalikot": 26900,
    "kanchanpur": 5886,
    "kapilvastu": 61995,
    "kaski": 221862,
    "kathmandu": 92159,
    "kavrepalanchok": 27595,
    "khotang": 191525,
    "lalitpur": 6086,
    "lamjung": 54371,
    "mahottari": 1011,
    "makwanpur": 33695,
    "manang": 19450,
    "morang": 73093,
    "mugu": 177326,
    "mustang": 24771,
    "myagdi": 99686,
    "nawalparasi": 9343,
    "nuwakot": 36545,
    "okhaldhunga": 12609,
    "palpa": 6288,
    "panchthar": 28264,
    "parbat": 120816,
    "parsa": 37177,
    "pyuthan": 83463,
    "ramechhap": 61040,
    "rasuwa": 7386,
    "rautahat": 157877,
    "rolpa": 54230,
    "rukum": 10692,
    "rupandehi": 195605,
    "salyan": 2742,
    "sankhuwasabha": 105157,
    "saptari": 6626,
    "sarlahi": 123829,
    "sindhuli": 16056,
    "sindhupalchok": 12312,
    "siraha": 152706,
    "solukhumbu": 126932,
    "sunsari": 140222,
    "surkhet": 50825,
    "syangja": 76711,
    "tanahu": 3437,
    "taplejung": 6057,
    "terhathum": 20501,
    "udayapur": 2577
}