{
    "achham": 409991,
    "arghakhanchi": 454315,
    "baglung": 219181,
    "baitadi": 347188,
    "bajhang": 282659,
    "bajura": 9932,
    "banke": 7699,
    "bara": 62640,
    "bardiya": 440179,
    "bhaktapur": 288415,
    "bhojpur": 322712,
    "chitwan": 15501,
    "dadeldhura": 44233,
    "dailekh": 222487,
    "dang deukhuri": 155283,
    "darchula": 251849,
    "dhading": 317458,
    "dhankuta": 397803,
    "dhanusa": 118035,
    "dholkha": 318303,
    "dolpa": 233392,
    "doti": 348680,
    "gorkha": 185503,
    "gulmi": 110259,
    "humla": 241737,
    "ilam": 364297,
    "jajarkot": 329727,
    "jhapa": 84222,
    "jumla": 428555,
    "kailali": 330114,
    "kalikot": 143864,
    "kanchanpur": 31481,
    "kapilvastu": 239895,
    "kaski": 440679,
    "kathmandu": 490031,
    "kavrepalanchok": 147582,
    "khotang": 423947,
    "lalitpur": 32552,
    "lamjung": 290779,
    "mahottari": 5409,
    "makwanpur": 180205,
    "manang": 104021,
    "morang": 260652,
    "mugu": 359272,
    "mustang": 132476,
    "myagdi": 300522,
    "nawalparasi": 49970,
    "nuwakot": 195448,
    "okhaldhunga": 67436,
    "palpa": 33632,
    "panchthar": 151158,
    "parbat": 455998,
    "parsa": 73962,
    "pyuthan": 446366,
    "ramechhap": 326445,
    "rasuwa": 39503,
    "rautahat": 361024,
    "rolpa": 203296,
    "rukum": 57181,
    "rupandehi": 459250,
    "salyan": 14668,
    "sankhuwasabha": 434086,
    "saptari": 35437,
    "sarlahi": 252275,
    "sindhuli": 85870,
    "sindhupalchok": 65848,
    "siraha": 370167,
    "solukhumbu": 386667,
    "sunsari": 475144,
    "surkhet": 271816,
    "syangja": 410254,
    "tanahu": 18385,
    "taplejung": 32396,
    "terhathum": 109642,
    "udayapur": 13787
}