{
    "achham": 120514,
    "arghakhanchi": 483196,
    "baglung": 369296,
    "baitadi": 159803,
    "bajhang": 181859,
    "bajura": 47175,
    "banke": 134106,
    "bara": 478178,
    "bardiya": 48714,
    "bhaktapur": 250940,
    "bhojpur": 324318,
    "chitwan": 268232,
    "dadeldhura": 191383,
    "dailekh": 131816,
    "dang deukhuri": 116506,
    "darchula": 241988,
    "dhading": 328956,
    "dhankuta": 306355,
    "dhanusa": 306748,
    "dholkha": 352076,
    "dolpa": 135954,
    "doti": 28677,
    "gorkha": 146324,
    "gulmi": 259211,
    "humla": 329325,
    "ilam": 212229,
    "jajarkot": 20472,
    "jhapa": 479235,
    "jumla": 437008,
    "kailali": 234896,
    "kalikot": 446516,
    "kanchanpur": 250815,
    "kapilvastu": 194066,
    "kaski": 67756,
    "kathmandu": 488612,
    "kavrepalanchok": 273534,
    "khotang": 123781,
    "lalitpur": 461361,
    "lamjung": 300063,
    "mahottari": 300514,
    "makwanpur": 258224,
    "manang": 191798,
    "morang": 195526,
    "mugu": 64736,
    "mustang": 474426,
    "myagdi": 184220,
    "nawalparasi": 140047,
    "nuwakot": 417193,
    "okhaldhunga": 230217,
    "palpa": 444409,
    "panchthar": 283787,
    "parbat": 360932,
    "parsa": 11530,
    "pyuthan": 449541,
    "ramechhap": 456936,
    "rasuwa": 259760,
    "rautahat": 119370,
    "rolpa": 159931,
    "rukum": 180635,
    "rupandehi": 165825,
    "salyan": 485301,
    "sankhuwasabha": 369937,
    "saptari": 70112,
    "sarlahi": 47291,
    "sindhuli": 338937,
    "sindhupalchok": 365933,
    "siraha": 146913,
    "solukhumbu": 240581,
    "sunsari": 337761,
    "surkhet": 330078,
    "syangja": 432893,
    "tanahu": 323670,
    "taplejung": 311064,
    "terhathum": 271407,
    "udayapur": 237919
}